Mesh_Sizes,AmgClassCPU
19684,230.57468173258
98304,1260.89566895416
169708,2484.47007327797
243165,3658.36393781302
515679,8125.32391417227
1101351,17677.6739589732
