Mesh_Sizes,CgDiagGPU
19684,160.156235012251
98304,249.61365108606
169708,340.149376147842
243165,417.97776754386
515679,804.624581235698
1101351,1528.0986332689
