Mesh_Sizes,AmgClassCPU,AmgFreeCPU,CgDiagGPU,GmresDiagGPU
243165,4.86968888611111,2.71615123611111,0.608854281388889,1.51162386194445
515679,14.7790613861111,7.1829485,1.46508725833333,4.29837587777778
1101351,44.7637988361111,19.4086391805556,3.95268179805556,13.2751561886111
