Mesh_Sizes,AmgClassCPU,AmgFreeCPU,CgDiagGPU,GmresDiagGPU
19684,0.102029296666667,0.050552374555556,0.127101767619444,0.113649703611111
98304,1.27595636722222,0.5923047575,0.252179124722222,0.5522628635
169708,2.82539457777778,1.46749662111111,0.411580745138889,0.966760975888889
