Mesh_Sizes,GmresDiagCPU,GmresLusgsCPU,CgDiagGPU,GmresDiagGPU
19684,0.2191386111,0.1838122222,0.5173036111,0.3657861111
98304,2.9236380556,2.2369416667,2.2216111111,2.5837777778
169708,6.3406905556,4.5153691667,4.0665261111,4.6035286111
243165,11.1483197222,7.7392997222,6.6806475,7.3947463889
515679,36.4418519444,23.6620922222,17.8938516667,20.6850272222
1101351,128.1385705556,76.5207227778,56.283895,62.2742163889
