Mesh_Sizes,AmgClassCPU,AmgFreeCPU,CgDiagCPU,CgLusgsCPU,GmresDiagCPU,GmresLusgsCPU,CgDiagGPU,GmresDiagGPU
19684,0.4106798288,0.260190306,0.1865598081,0.1123876413,0.3305048492,0.2018138379,0.2457005227,0.3106998876
98304,0.4460635095,0.2604681675,0.2442099505,0.1451581833,0.4246816813,0.2486039731,0.1135118219,0.2137424001
169708,0.485917664,0.3032857314,0.3069333207,0.186490509,0.4879941604,0.2810204672,0.1012118781,0.2100043374
243165,0.492905414,0.3206990588,0.3288274591,0.2031013297,0.51178081,0.2979369017,0.0911370165,0.2044186213
515679,0.5071037056,0.2783067658,0.3599906981,0.2346957965,0.5653272332,0.3310582929,0.0818765733,0.207801316
1101351,0.5025002809,0.2274084474,0.3787833062,0.2582061524,0.6221199734,0.3683719213,0.0702275811,0.2131725931
