Mesh_Sizes,GmresDiagCPU,GmresLusgsCPU,CgDiagGPU,GmresDiagGPU
19684,0.219138611111111,0.183812222222222,0.517303611111111,0.365786111111111
98304,2.92363805555556,2.23694166666667,2.22161111111111,2.58377777777778
169708,6.34069055555556,4.51536916666667,4.06652611111111,4.60352861111111
243165,11.1483197222222,7.73929972222222,6.6806475,7.39474638888889
515679,36.4418519444444,23.6620922222222,17.8938516666667,20.6850272222222
1101351,128.138570555556,76.5207227777778,56.283895,62.2742163888889
